week,depression,anxiety,addiction,counselling,mental_health,stay_at_home,mask_mandate,gatherings_banned,business_closures,travel_restrictions
2017-12-31,48.648979591836735,57.6,22.048979591836737,28.518367346938778,15.26530612244898,0.0,0.0,0.0,0.0,0.0
2018-01-07,56.49387755102041,59.80816326530612,21.481632653061222,27.346938775510203,22.420408163265304,0.0,0.0,0.0,0.0,0.0
2018-01-14,53.36326530612245,58.08979591836735,22.29795918367347,33.63673469387755,25.82857142857143,0.0,0.0,0.0,0.0,0.0
2018-01-21,63.73469387755102,62.18775510204081,24.277551020408165,34.987755102040815,24.832653061224487,0.0,0.0,0.0,0.0,0.0
2018-01-28,57.59591836734694,61.693877551020414,23.599999999999998,35.730612244897955,22.36734693877551,0.0,0.0,0.0,0.0,0.0
2018-02-04,60.12244897959183,59.14693877551021,24.9265306122449,37.30612244897959,26.571428571428573,0.0,0.0,0.0,0.0,0.0
2018-02-11,60.23673469387755,60.08163265306122,24.70204081632653,35.36734693877551,31.804081632653062,0.0,0.0,0.0,0.0,0.0
2018-02-18,58.624489795918365,62.693877551020414,26.624489795918368,34.926530612244896,31.228571428571428,0.0,0.0,0.0,0.0,0.0
2018-02-25,66.04489795918367,57.7265306122449,28.195918367346938,34.412244897959184,29.90204081632653,0.0,0.0,0.0,0.0,0.0
2018-03-04,62.2938775510204,63.59591836734694,24.62857142857143,31.273469387755103,28.832653061224487,0.0,0.0,0.0,0.0,0.0
2018-03-11,59.93469387755102,55.2530612244898,22.428571428571427,32.391836734693875,24.457142857142856,0.0,0.0,0.0,0.0,0.0
2018-03-18,61.24489795918367,63.1265306122449,26.820408163265306,34.83265306122449,25.481632653061222,0.0,0.0,0.0,0.0,0.0
2018-03-25,57.857142857142854,60.730612244897955,21.84081632653061,34.40816326530612,29.66122448979592,0.0,0.0,0.0,0.0,0.0
2018-04-01,63.56326530612245,64.48571428571428,21.285714285714285,35.53469387755102,27.44489795918367,0.0,0.0,0.0,0.0,0.0
2018-04-08,63.138775510204084,60.199999999999996,25.775510204081634,32.885714285714286,28.49795918367347,0.0,0.0,0.0,0.0,0.0
2018-04-15,63.371428571428574,59.89387755102041,20.914285714285715,32.751020408163264,25.857142857142858,0.0,0.0,0.0,0.0,0.0
2018-04-22,59.248979591836736,63.714285714285715,21.281632653061223,30.448979591836736,33.220408163265304,0.0,0.0,0.0,0.0,0.0
2018-04-29,62.648979591836735,64.63265306122449,23.220408163265308,31.551020408163264,29.771428571428572,0.0,0.0,0.0,0.0,0.0
2018-05-06,59.87755102040817,60.306122448979586,22.440816326530612,31.13877551020408,28.102040816326532,0.0,0.0,0.0,0.0,0.0
2018-05-13,59.51428571428572,58.44489795918367,28.63673469387755,32.13469387755102,23.922448979591838,0.0,0.0,0.0,0.0,0.0
2018-05-20,58.89795918367347,65.43673469387755,21.889795918367348,30.787755102040816,30.314285714285713,0.0,0.0,0.0,0.0,0.0
2018-05-27,44.032653061224494,57.2938775510204,23.277551020408165,27.930612244897958,26.840816326530614,0.0,0.0,0.0,0.0,0.0
2018-06-03,60.412244897959184,57.4,16.20408163265306,34.29795918367347,31.493877551020407,0.0,0.0,0.0,0.0,0.0
2018-06-10,58.25714285714286,66.03673469387755,21.461224489795917,34.64489795918367,29.289795918367343,0.0,0.0,0.0,0.0,0.0
2018-06-17,48.371428571428574,60.84897959183674,18.840816326530614,33.310204081632655,24.318367346938775,0.0,0.0,0.0,0.0,0.0
2018-06-24,51.35510204081633,61.95918367346939,22.546938775510203,24.542857142857144,23.26938775510204,0.0,0.0,0.0,0.0,0.0
2018-07-01,48.68571428571429,62.326530612244895,17.122448979591837,29.473469387755102,17.33877551020408,0.0,0.0,0.0,0.0,0.0
2018-07-08,46.97551020408163,61.46530612244898,20.236734693877548,26.23265306122449,29.461224489795917,0.0,0.0,0.0,0.0,0.0
2018-07-15,51.46938775510204,65.15510204081633,18.106122448979594,30.457142857142856,21.66938775510204,0.0,0.0,0.0,0.0,0.0
2018-07-22,47.481632653061226,66.1795918367347,18.273469387755103,32.31836734693878,30.310204081632655,0.0,0.0,0.0,0.0,0.0
2018-07-29,46.06530612244898,64.64081632653061,19.408163265306122,33.40408163265306,26.518367346938778,0.0,0.0,0.0,0.0,0.0
2018-08-05,48.32244897959184,66.55510204081632,22.09795918367347,33.816326530612244,21.318367346938775,0.0,0.0,0.0,0.0,0.0
2018-08-12,45.416326530612245,66.72244897959185,17.03265306122449,32.82448979591837,22.29795918367347,0.0,0.0,0.0,0.0,0.0
2018-08-19,45.526530612244905,63.922448979591834,21.204081632653065,33.11020408163265,28.183673469387752,0.0,0.0,0.0,0.0,0.0
2018-08-26,44.522448979591836,64.74285714285715,21.546938775510203,38.183673469387756,28.420408163265304,0.0,0.0,0.0,0.0,0.0
2018-09-02,52.755102040816325,65.02040816326532,21.424489795918365,32.69795918367347,28.86122448979592,0.0,0.0,0.0,0.0,0.0
2018-09-09,56.542857142857144,65.78367346938775,18.412244897959187,36.17142857142857,29.391836734693875,0.0,0.0,0.0,0.0,0.0
2018-09-16,59.36326530612245,67.35510204081632,23.342857142857145,39.99591836734694,30.33877551020408,0.0,0.0,0.0,0.0,0.0
2018-09-23,57.587755102040816,64.08163265306122,20.04081632653061,35.51428571428571,30.293877551020408,0.0,0.0,0.0,0.0,0.0
2018-09-30,56.02040816326531,65.90204081632653,22.216326530612243,34.922448979591834,27.29795918367347,0.0,0.0,0.0,0.0,0.0
2018-10-07,59.80408163265306,65.20408163265306,18.183673469387752,35.285714285714285,40.50612244897959,0.0,0.0,0.0,0.0,0.0
2018-10-14,62.10204081632653,63.114285714285714,20.310204081632655,32.95102040816327,31.502040816326534,0.0,0.0,0.0,0.0,0.0
2018-10-21,67.95102040816326,67.79591836734694,21.485714285714288,31.755102040816325,32.457142857142856,0.0,0.0,0.0,0.0,0.0
2018-10-28,54.13061224489796,66.95918367346938,21.19183673469388,40.4,35.334693877551025,0.0,0.0,0.0,0.0,0.0
2018-11-04,59.755102040816325,66.15918367346939,22.481632653061222,37.78775510204082,32.43673469387755,0.0,0.0,0.0,0.0,0.0
2018-11-11,59.093877551020405,66.55510204081632,19.844897959183672,36.29387755102041,32.648979591836735,0.0,0.0,0.0,0.0,0.0
2018-11-18,55.43265306122449,60.21224489795918,17.99591836734694,23.40408163265306,29.342857142857145,0.0,0.0,0.0,0.0,0.0
2018-11-25,61.881632653061224,69.61632653061224,21.1265306122449,34.416326530612245,31.979591836734695,0.0,0.0,0.0,0.0,0.0
2018-12-02,64.86122448979593,63.13469387755102,20.685714285714287,33.32244897959184,33.730612244897955,0.0,0.0,0.0,0.0,0.0
2018-12-09,65.80408163265307,65.47755102040817,22.493877551020407,28.036734693877552,28.791836734693877,0.0,0.0,0.0,0.0,0.0
2018-12-16,60.23673469387755,58.35510204081633,19.865306122448978,27.240816326530613,27.43265306122449,0.0,0.0,0.0,0.0,0.0
2018-12-23,42.46530612244898,52.38367346938776,15.338775510204082,25.179591836734694,16.46530612244898,0.0,0.0,0.0,0.0,0.0
2018-12-30,50.285714285714285,61.63673469387755,26.624489795918368,28.90204081632653,25.853061224489796,0.0,0.0,0.0,0.0,0.0
2019-01-06,56.81224489795919,63.306122448979586,24.440816326530612,30.840816326530614,26.110204081632652,0.0,0.0,0.0,0.0,0.0
2019-01-13,64.31428571428572,59.57142857142857,19.56326530612245,36.04897959183673,26.110204081632652,0.0,0.0,0.0,0.0,0.0
2019-01-20,56.563265306122446,57.75918367346939,24.142857142857142,37.946938775510205,24.587755102040813,0.0,0.0,0.0,0.0,0.0
2019-01-27,57.775510204081634,63.76734693877551,19.955102040816325,36.82448979591836,33.79183673469388,0.0,0.0,0.0,0.0,0.0
2019-02-03,67.9795918367347,64.96734693877552,19.73061224489796,35.51020408163266,29.383673469387755,0.0,0.0,0.0,0.0,0.0
2019-02-10,66.12244897959184,59.416326530612245,27.09795918367347,31.375510204081632,28.481632653061222,0.0,0.0,0.0,0.0,0.0
2019-02-17,66.72244897959185,69.01632653061225,21.020408163265305,37.89795918367347,30.400000000000002,0.0,0.0,0.0,0.0,0.0
2019-02-24,64.0530612244898,68.48163265306123,23.808163265306124,34.20816326530612,31.66938775510204,0.0,0.0,0.0,0.0,0.0
2019-03-03,68.0530612244898,66.55510204081632,25.277551020408165,33.76734693877551,28.183673469387752,0.0,0.0,0.0,0.0,0.0
2019-03-10,62.64489795918367,68.55510204081632,20.946938775510205,38.261224489795914,27.416326530612245,0.0,0.0,0.0,0.0,0.0
2019-03-17,67.06122448979592,63.86122448979592,22.644897959183673,36.440816326530616,28.248979591836733,0.0,0.0,0.0,0.0,0.0
2019-03-24,64.89795918367346,70.07346938775511,24.657142857142855,35.844897959183676,32.012244897959185,0.0,0.0,0.0,0.0,0.0
2019-03-31,66.55918367346939,64.53877551020409,22.26938775510204,35.57551020408163,32.19591836734694,0.0,0.0,0.0,0.0,0.0
2019-04-07,61.351020408163265,71.07346938775511,28.575510204081635,35.04489795918367,31.857142857142858,0.0,0.0,0.0,0.0,0.0
2019-04-14,59.08163265306122,70.83265306122449,30.73061224489796,39.2530612244898,29.387755102040817,0.0,0.0,0.0,0.0,0.0
2019-04-21,62.38367346938776,62.008163265306116,26.74285714285714,34.04489795918367,30.204081632653065,0.0,0.0,0.0,0.0,0.0
2019-04-28,66.49795918367347,66.77551020408164,23.99183673469388,39.261224489795914,37.57142857142857,0.0,0.0,0.0,0.0,0.0
2019-05-05,59.57142857142857,65.08979591836734,19.155102040816328,33.08163265306123,34.55510204081633,0.0,0.0,0.0,0.0,0.0
2019-05-12,63.542857142857144,61.412244897959184,22.755102040816325,33.95102040816327,35.38775510204082,0.0,0.0,0.0,0.0,0.0
2019-05-19,56.57142857142857,58.24081632653061,23.40408163265306,32.844897959183676,28.926530612244896,0.0,0.0,0.0,0.0,0.0
2019-05-26,48.75918367346939,56.559183673469384,24.53061224489796,31.66938775510204,24.248979591836733,0.0,0.0,0.0,0.0,0.0
2019-06-02,50.567346938775515,61.583673469387755,23.43673469387755,35.10612244897959,27.587755102040813,0.0,0.0,0.0,0.0,0.0
2019-06-09,46.83673469387755,55.51428571428572,21.881632653061224,34.587755102040816,22.783673469387757,0.0,0.0,0.0,0.0,0.0
2019-06-16,47.27755102040816,58.991836734693884,21.228571428571428,34.80816326530612,30.493877551020407,0.0,0.0,0.0,0.0,0.0
2019-06-23,44.412244897959184,65.44897959183673,22.2,31.783673469387754,28.102040816326532,0.0,0.0,0.0,0.0,0.0
2019-06-30,43.881632653061224,56.840816326530614,20.048979591836737,27.73061224489796,24.142857142857142,0.0,0.0,0.0,0.0,0.0
2019-07-07,47.66122448979592,65.40816326530611,22.99591836734694,36.22857142857143,27.448979591836736,0.0,0.0,0.0,0.0,0.0
2019-07-14,44.64489795918367,60.31428571428571,24.134693877551022,35.028571428571425,30.440816326530612,0.0,0.0,0.0,0.0,0.0
2019-07-21,54.10204081632653,64.60408163265306,20.76734693877551,34.30204081632653,26.167346938775513,0.0,0.0,0.0,0.0,0.0
2019-07-28,48.416326530612245,66.63265306122449,24.8,33.22857142857143,27.987755102040815,0.0,0.0,0.0,0.0,0.0
2019-08-04,46.97551020408163,66.13469387755103,20.461224489795917,36.665306122448975,32.48571428571429,0.0,0.0,0.0,0.0,0.0
2019-08-11,43.42448979591837,64.32244897959184,21.163265306122447,38.159183673469386,24.66938775510204,0.0,0.0,0.0,0.0,0.0
2019-08-18,44.310204081632655,67.10204081632654,18.832653061224487,38.10612244897959,25.461224489795917,0.0,0.0,0.0,0.0,0.0
2019-08-25,47.27755102040816,61.628571428571426,19.15918367346939,36.31836734693878,32.82857142857143,0.0,0.0,0.0,0.0,0.0
2019-09-01,46.926530612244896,63.98367346938776,19.59591836734694,32.28163265306122,31.30204081632653,0.0,0.0,0.0,0.0,0.0
2019-09-08,54.420408163265314,62.57551020408163,20.448979591836736,39.06122448979592,33.628571428571426,0.0,0.0,0.0,0.0,0.0
2019-09-15,54.21224489795918,66.51836734693877,19.281632653061223,32.48571428571429,34.220408163265304,0.0,0.0,0.0,0.0,0.0
2019-09-22,52.20816326530612,65.34693877551021,20.881632653061224,37.922448979591834,32.50204081632653,0.0,0.0,0.0,0.0,0.0
2019-09-29,56.861224489795916,63.436734693877554,19.036734693877552,36.61224489795918,31.0734693877551,0.0,0.0,0.0,0.0,0.0
2019-10-06,58.44489795918367,67.51836734693877,20.457142857142856,37.204081632653065,49.334693877551025,0.0,0.0,0.0,0.0,0.0
2019-10-13,58.902040816326526,70.62448979591836,21.510204081632654,35.61632653061225,40.17142857142857,0.0,0.0,0.0,0.0,0.0
2019-10-20,54.56326530612245,65.34285714285714,21.036734693877552,36.81224489795919,36.95918367346939,0.0,0.0,0.0,0.0,0.0
2019-10-27,56.86938775510204,65.82448979591837,24.538775510204083,36.963265306122445,32.63673469387755,0.0,0.0,0.0,0.0,0.0
2019-11-03,59.23265306122449,65.74285714285715,22.175510204081633,36.22857142857143,31.759183673469387,0.0,0.0,0.0,0.0,0.0
2019-11-10,59.28163265306123,66.7795918367347,22.134693877551022,33.08979591836735,34.43673469387755,0.0,0.0,0.0,0.0,0.0
2019-11-17,66.1265306122449,66.75102040816327,24.53061224489796,32.608163265306125,35.10204081632653,0.0,0.0,0.0,0.0,0.0
2019-11-24,44.71836734693877,57.56734693877551,23.804081632653062,21.37142857142857,24.506122448979593,0.0,0.0,0.0,0.0,0.0
2019-12-01,56.00408163265307,57.91428571428571,21.930612244897958,32.78775510204081,34.73469387755102,0.0,0.0,0.0,0.0,0.0
2019-12-08,63.6,62.097959183673474,23.722448979591835,31.89387755102041,29.942857142857143,0.0,0.0,0.0,0.0,0.0
2019-12-15,44.20816326530612,63.78367346938775,20.791836734693877,29.857142857142858,26.416326530612245,0.0,0.0,0.0,0.0,0.0
2019-12-22,36.46530612244898,49.97551020408163,14.228571428571428,15.355102040816325,19.012244897959185,0.0,0.0,0.0,0.0,0.0
2019-12-29,42.800000000000004,57.693877551020414,20.012244897959185,24.995918367346942,24.208163265306123,0.0,0.0,0.0,0.0,0.0
2020-01-05,57.55510204081633,60.33877551020408,18.416326530612245,34.30204081632653,25.738775510204082,0.0,0.0,0.0,0.0,0.0
2020-01-12,57.820408163265306,67.32244897959184,20.49795918367347,38.93877551020408,33.83673469387755,0.0,0.0,0.0,0.0,0.0
2020-01-19,58.02448979591837,63.20816326530612,17.485714285714288,35.16326530612245,35.220408163265304,0.0,0.0,0.0,0.0,0.0
2020-01-26,57.816326530612244,64.8734693877551,23.110204081632652,38.371428571428574,34.89795918367347,0.0,0.0,0.0,0.0,0.0
2020-02-02,60.526530612244905,62.542857142857144,22.228571428571428,41.37959183673469,32.64081632653061,0.0,0.0,0.0,0.0,0.0
2020-02-09,55.93877551020408,63.36326530612245,19.102040816326532,36.48979591836735,33.481632653061226,0.0,0.0,0.0,0.0,0.0
2020-02-16,60.48979591836735,68.53877551020409,22.706122448979592,39.0,33.077551020408166,0.0,0.0,0.0,0.0,0.0
2020-02-23,62.714285714285715,65.55510204081632,24.179591836734694,38.08163265306122,35.477551020408164,0.0,0.0,0.0,0.0,0.0
2020-03-01,57.33877551020408,61.7061224489796,19.56326530612245,38.06530612244898,33.70612244897959,0.0,0.0,0.0,0.0,0.0
2020-03-08,55.18367346938776,59.82857142857143,19.632653061224488,31.567346938775508,26.30612244897959,0.0,0.0,0.0,0.0,0.0
2020-03-15,62.7061224489796,57.7061224489796,14.6,25.910204081632653,24.832653061224487,0.032653061224489785,0.0,0.032653061224489785,0.032653061224489785,0.0
2020-03-22,63.59183673469387,65.2204081632653,17.02857142857143,25.17142857142857,24.33469387755102,0.09795918367346938,0.0,0.2653061224489796,0.09795918367346938,0.06530612244897958
2020-03-29,67.09795918367347,63.79183673469388,16.791836734693877,19.62857142857143,28.379591836734694,0.4979591836734694,0.032653061224489785,0.4979591836734694,0.33061224489795915,0.39999999999999997
2020-04-05,65.64897959183673,61.628571428571426,18.367346938775512,22.73469387755102,27.63265306122449,0.8326530612244898,0.032653061224489785,0.8326530612244898,0.8326530612244898,0.39999999999999997
2020-04-12,67.15918367346939,60.65714285714286,20.155102040816328,23.142857142857142,27.571428571428573,0.8326530612244898,0.032653061224489785,0.8326530612244898,0.8326530612244898,0.5673469387755102
2020-04-19,64.76326530612245,58.42857142857143,18.62857142857143,22.848979591836734,30.15102040816327,0.8326530612244898,0.06530612244897958,0.8326530612244898,0.8326530612244898,0.5673469387755102
2020-04-26,60.71020408163265,61.16734693877551,21.644897959183673,26.281632653061223,32.881632653061224,0.7999999999999999,0.06530612244897958,0.8326530612244898,0.8326530612244898,0.5673469387755102
2020-05-03,61.579591836734686,59.31428571428571,22.485714285714288,26.351020408163265,32.138775510204084,0.6326530612244898,0.06530612244897958,0.8326530612244898,0.8326530612244898,0.5673469387755102
2020-05-10,56.70612244897959,60.42857142857143,23.167346938775513,26.861224489795916,30.142857142857142,0.6,0.23265306122448978,0.8326530612244898,0.8326530612244898,0.5673469387755102
2020-05-17,52.51428571428572,64.57959183673469,18.975510204081633,28.69387755102041,31.726530612244897,0.43265306122448977,0.23265306122448978,0.8326530612244898,0.8326530612244898,0.39999999999999997
2020-05-24,46.436734693877554,64.23673469387755,18.020408163265305,26.359183673469385,29.526530612244898,0.2653061224489796,0.23265306122448978,0.7999999999999999,0.7999999999999999,0.23265306122448978
2020-05-31,43.17551020408164,56.64081632653061,21.069387755102042,28.285714285714285,32.624489795918365,0.23265306122448978,0.23265306122448978,0.7999999999999999,0.7999999999999999,0.23265306122448978
2020-06-07,48.08979591836735,62.4204081632653,18.538775510204083,29.726530612244897,30.293877551020408,0.23265306122448978,0.23265306122448978,0.7999999999999999,0.7999999999999999,0.23265306122448978
2020-06-14,43.820408163265306,68.98775510204082,22.167346938775513,28.975510204081633,28.66938775510204,0.19999999999999998,0.23265306122448978,0.7999999999999999,0.7999999999999999,0.23265306122448978
2020-06-21,42.93877551020408,70.13061224489796,16.416326530612245,30.73469387755102,25.118367346938776,0.19999999999999998,0.2653061224489796,0.7673469387755102,0.7673469387755102,0.23265306122448978
2020-06-28,48.70204081632653,65.7469387755102,20.424489795918365,31.1265306122449,31.812244897959182,0.19999999999999998,0.2979591836734694,0.7673469387755102,0.7673469387755102,0.2979591836734694
2020-07-05,45.608163265306125,68.9795918367347,17.893877551020406,28.640816326530615,29.66530612244898,0.1673469387755102,0.46530612244897956,0.6,0.6,0.2979591836734694
2020-07-12,45.028571428571425,64.68979591836735,18.04081632653061,28.03265306122449,30.689795918367345,0.1673469387755102,0.46530612244897956,0.6326530612244898,0.6326530612244898,0.2979591836734694
2020-07-19,49.15102040816327,63.56734693877551,14.816326530612246,31.244897959183675,30.212244897959184,0.1673469387755102,0.46530612244897956,0.6326530612244898,0.6326530612244898,0.2979591836734694
2020-07-26,48.28979591836735,67.51836734693877,19.134693877551022,32.38367346938775,28.493877551020407,0.1673469387755102,0.46530612244897956,0.6326530612244898,0.6326530612244898,0.2979591836734694
2020-08-02,47.326530612244895,66.34285714285714,18.089795918367347,33.50204081632653,31.43673469387755,0.1673469387755102,0.46530612244897956,0.6,0.6,0.46530612244897956
2020-08-09,47.00408163265306,64.62857142857142,17.03265306122449,35.43673469387755,27.351020408163265,0.1673469387755102,0.46530612244897956,0.6,0.6,0.2979591836734694
2020-08-16,53.89387755102041,68.86938775510204,20.39591836734694,32.87755102040816,30.848979591836734,0.1673469387755102,0.46530612244897956,0.6,0.6,0.2979591836734694
2020-08-23,47.21224489795918,67.4938775510204,19.26938775510204,31.82857142857143,34.2530612244898,0.1673469387755102,0.46530612244897956,0.6,0.6,0.2979591836734694
2020-08-30,48.310204081632655,68.85714285714286,18.575510204081635,30.355102040816327,31.612244897959183,0.1673469387755102,0.46530612244897956,0.6,0.6,0.2979591836734694
2020-09-06,53.95918367346939,69.7673469387755,20.36326530612245,33.8530612244898,33.8734693877551,0.1673469387755102,0.46530612244897956,0.6,0.6,0.2979591836734694
2020-09-13,52.29795918367347,65.87755102040816,19.102040816326532,34.39591836734694,37.461224489795924,0.1673469387755102,0.46530612244897956,0.6,0.6,0.2979591836734694
2020-09-20,56.097959183673474,64.35510204081632,19.791836734693877,30.526530612244898,36.138775510204084,0.1673469387755102,0.46530612244897956,0.6,0.6,0.2979591836734694
2020-09-27,49.82448979591836,69.73469387755101,19.204081632653065,30.881632653061224,36.36326530612245,0.1673469387755102,0.46530612244897956,0.43265306122448977,0.43265306122448977,0.2979591836734694
2020-10-04,51.08163265306122,63.416326530612245,19.930612244897958,31.63265306122449,48.06530612244898,0.1673469387755102,0.46530612244897956,0.43265306122448977,0.43265306122448977,0.2979591836734694
2020-10-11,48.857142857142854,67.37551020408164,17.253061224489795,29.187755102040818,36.08979591836735,0.1673469387755102,0.46530612244897956,0.43265306122448977,0.43265306122448977,0.2979591836734694
2020-10-18,52.46938775510204,68.34693877551021,22.640816326530615,31.285714285714285,35.69387755102041,0.1673469387755102,0.46530612244897956,0.43265306122448977,0.43265306122448977,0.2979591836734694
2020-10-25,48.497959183673466,66.86530612244898,17.163265306122447,28.024489795918367,30.783673469387757,0.1673469387755102,0.46530612244897956,0.43265306122448977,0.43265306122448977,0.2979591836734694
2020-11-01,45.48571428571428,52.46530612244898,16.09387755102041,22.322448979591837,25.39591836734694,0.19999999999999998,0.46530612244897956,0.43265306122448977,0.43265306122448977,0.2979591836734694
2020-11-08,53.836734693877546,65.48163265306123,19.840816326530614,38.83265306122449,31.39591836734694,0.19999999999999998,0.46530612244897956,0.43265306122448977,0.43265306122448977,0.2979591836734694
2020-11-15,57.61632653061224,64.63265306122449,19.208163265306123,31.118367346938776,33.38367346938775,0.19999999999999998,0.46530612244897956,0.43265306122448977,0.43265306122448977,0.2979591836734694
2020-11-22,44.57551020408163,59.689795918367345,18.375510204081632,23.114285714285717,25.62857142857143,0.19999999999999998,0.46530612244897956,0.43265306122448977,0.43265306122448977,0.2979591836734694
2020-11-29,54.7265306122449,67.30204081632652,20.66938775510204,34.11020408163265,31.69387755102041,0.19999999999999998,0.46530612244897956,0.43265306122448977,0.43265306122448977,0.2979591836734694
2020-12-06,53.28163265306123,66.4530612244898,17.281632653061227,28.012244897959185,32.624489795918365,0.032653061224489785,0.46530612244897956,0.43265306122448977,0.43265306122448977,0.2979591836734694
2020-12-13,48.50612244897959,67.97551020408163,20.012244897959185,28.559183673469388,31.746938775510205,0.032653061224489785,0.46530612244897956,0.43265306122448977,0.43265306122448977,0.2979591836734694
2020-12-20,31.616326530612245,56.473469387755095,18.23265306122449,14.285714285714286,18.155102040816328,0.032653061224489785,0.46530612244897956,0.43265306122448977,0.43265306122448977,0.2979591836734694
2020-12-27,44.077551020408166,58.95510204081633,13.844897959183672,23.29795918367347,19.677551020408163,0.032653061224489785,0.46530612244897956,0.43265306122448977,0.43265306122448977,0.2979591836734694
2021-01-03,46.35918367346939,67.14693877551021,16.212244897959184,29.27755102040816,28.30204081632653,0.032653061224489785,0.46530612244897956,0.43265306122448977,0.43265306122448977,0.2979591836734694
2021-01-10,45.98367346938776,67.2326530612245,18.542857142857144,31.640816326530615,29.648979591836735,0.032653061224489785,0.46530612244897956,0.39999999999999997,0.43265306122448977,0.2979591836734694
2021-01-17,44.83265306122449,71.14693877551021,19.9265306122449,33.142857142857146,29.844897959183672,0.032653061224489785,0.46530612244897956,0.39999999999999997,0.43265306122448977,0.2979591836734694
2021-01-24,52.76326530612245,72.50204081632653,18.187755102040818,34.036734693877555,32.20816326530612,0.0,0.46530612244897956,0.39999999999999997,0.43265306122448977,0.2979591836734694
2021-01-31,55.74693877551021,69.90204081632653,18.979591836734695,30.25714285714286,33.269387755102045,0.0,0.46530612244897956,0.39999999999999997,0.43265306122448977,0.2979591836734694
2021-02-07,49.199999999999996,64.89795918367346,18.848979591836734,28.857142857142858,37.37959183673469,0.0,0.46530612244897956,0.39999999999999997,0.43265306122448977,0.2979591836734694
2021-02-14,48.624489795918365,66.4,18.073469387755104,27.620408163265306,28.832653061224487,0.0,0.43265306122448977,0.39999999999999997,0.43265306122448977,0.2979591836734694
2021-02-21,49.57142857142857,70.90612244897959,19.942857142857143,32.70204081632653,36.036734693877555,0.0,0.43265306122448977,0.39999999999999997,0.43265306122448977,0.2653061224489796
2021-02-28,55.38367346938776,67.13877551020408,20.66938775510204,30.96734693877551,30.081632653061224,0.0,0.43265306122448977,0.39999999999999997,0.43265306122448977,0.2653061224489796
2021-03-07,50.248979591836736,72.05714285714285,18.444897959183674,33.02040816326531,33.155102040816324,0.0,0.2653061224489796,0.39999999999999997,0.43265306122448977,0.2653061224489796
2021-03-14,47.57551020408163,67.89387755102041,18.191836734693876,36.19183673469388,32.68571428571429,0.0,0.2653061224489796,0.39999999999999997,0.39999999999999997,0.2653061224489796
2021-03-21,49.83265306122449,68.9795918367347,17.66938775510204,32.224489795918366,36.61224489795918,0.0,0.2653061224489796,0.23265306122448978,0.23265306122448978,0.2653061224489796
2021-03-28,47.66122448979592,63.04081632653062,24.677551020408163,36.0,34.86122448979592,0.0,0.2653061224489796,0.06530612244897958,0.06530612244897958,0.09795918367346938
2021-04-04,52.310204081632655,72.28163265306122,20.53061224489796,32.43673469387755,31.19183673469388,0.0,0.2653061224489796,0.06530612244897958,0.06530612244897958,0.06530612244897958
2021-04-11,47.82857142857143,73.11020408163266,19.942857142857143,35.46122448979592,37.183673469387756,0.0,0.2653061224489796,0.06530612244897958,0.06530612244897958,0.06530612244897958
2021-04-18,50.624489795918365,68.08163265306122,20.689795918367345,32.70612244897959,32.13061224489796,0.0,0.2653061224489796,0.06530612244897958,0.06530612244897958,0.06530612244897958
2021-04-25,50.351020408163265,67.2938775510204,23.714285714285715,35.31836734693878,38.21632653061225,0.0,0.2653061224489796,0.032653061224489785,0.06530612244897958,0.06530612244897958
2021-05-02,48.710204081632654,70.65306122448979,18.40408163265306,32.391836734693875,41.906122448979595,0.0,0.2653061224489796,0.032653061224489785,0.06530612244897958,0.06530612244897958
2021-05-09,45.567346938775515,63.008163265306116,16.453061224489797,33.50204081632653,37.824489795918375,0.0,0.2653061224489796,0.032653061224489785,0.06530612244897958,0.06530612244897958
2021-05-16,49.90204081632653,68.42040816326531,17.506122448979593,34.10204081632653,41.036734693877555,0.0,0.2653061224489796,0.032653061224489785,0.06530612244897958,0.06530612244897958
2021-05-23,43.61224489795918,59.36326530612245,15.342857142857143,33.53469387755102,34.80408163265306,0.0,0.2653061224489796,0.032653061224489785,0.06530612244897958,0.06530612244897958
2021-05-30,45.98367346938776,68.07755102040817,16.979591836734695,31.351020408163265,33.31836734693878,0.0,0.09795918367346938,0.032653061224489785,0.032653061224489785,0.06530612244897958
2021-06-06,47.526530612244905,65.55918367346939,19.379591836734694,29.46938775510204,37.67755102040816,0.0,0.09795918367346938,0.032653061224489785,0.032653061224489785,0.06530612244897958
2021-06-13,44.351020408163265,64.1265306122449,14.093877551020409,29.118367346938776,35.7469387755102,0.0,0.09795918367346938,0.032653061224489785,0.032653061224489785,0.06530612244897958
2021-06-20,40.08571428571429,64.0530612244898,15.567346938775511,25.60408163265306,28.228571428571428,0.0,0.09795918367346938,0.032653061224489785,0.032653061224489785,0.06530612244897958
2021-06-27,41.922448979591834,65.7673469387755,18.930612244897958,34.66938775510204,31.824489795918367,0.0,0.09795918367346938,0.032653061224489785,0.032653061224489785,0.06530612244897958
2021-07-04,35.559183673469384,71.98775510204082,14.56326530612245,30.59591836734694,29.465306122448983,0.0,0.09795918367346938,0.032653061224489785,0.032653061224489785,0.06530612244897958
2021-07-11,40.28163265306123,68.42857142857143,15.816326530612246,30.428571428571427,30.70204081632653,0.0,0.09795918367346938,0.032653061224489785,0.032653061224489785,0.06530612244897958
2021-07-18,44.35510204081633,65.17142857142856,17.09387755102041,33.65714285714286,29.465306122448983,0.0,0.09795918367346938,0.032653061224489785,0.032653061224489785,0.06530612244897958
2021-07-25,37.53877551020408,65.56326530612245,16.46938775510204,30.387755102040817,33.67755102040816,0.0,0.09795918367346938,0.032653061224489785,0.032653061224489785,0.06530612244897958
2021-08-01,40.857142857142854,68.01224489795918,16.66938775510204,34.05714285714286,32.073469387755104,0.0,0.09795918367346938,0.032653061224489785,0.032653061224489785,0.06530612244897958
2021-08-08,44.04489795918367,72.98367346938775,15.93061224489796,33.028571428571425,33.08979591836735,0.0,0.09795918367346938,0.032653061224489785,0.032653061224489785,0.06530612244897958
2021-08-15,45.78775510204082,68.71020408163265,18.71020408163265,33.95918367346939,29.575510204081635,0.0,0.09795918367346938,0.032653061224489785,0.032653061224489785,0.06530612244897958
2021-08-22,38.114285714285714,70.36734693877551,19.061224489795915,35.53469387755102,33.04897959183673,0.0,0.09795918367346938,0.032653061224489785,0.032653061224489785,0.06530612244897958
2021-08-29,37.44489795918367,70.28979591836735,15.310204081632653,35.02448979591837,31.55510204081633,0.0,0.09795918367346938,0.032653061224489785,0.032653061224489785,0.06530612244897958
2021-09-05,41.99183673469388,69.53469387755102,20.84081632653061,31.551020408163264,39.48979591836735,0.0,0.09795918367346938,0.032653061224489785,0.032653061224489785,0.06530612244897958
2021-09-12,53.114285714285714,71.52244897959183,23.718367346938777,40.23673469387755,38.17142857142857,0.0,0.09795918367346938,0.032653061224489785,0.032653061224489785,0.032653061224489785
2021-09-19,44.3469387755102,71.09387755102041,18.938775510204085,37.16734693877551,39.10204081632653,0.0,0.09795918367346938,0.032653061224489785,0.032653061224489785,0.032653061224489785
2021-09-26,42.502040816326534,64.93469387755103,22.15918367346939,30.400000000000002,36.5265306122449,0.0,0.09795918367346938,0.032653061224489785,0.032653061224489785,0.032653061224489785
2021-10-03,48.12244897959183,74.02857142857144,20.379591836734694,37.70204081632653,36.64081632653061,0.0,0.09795918367346938,0.032653061224489785,0.032653061224489785,0.032653061224489785
2021-10-10,49.72244897959184,73.37551020408162,16.551020408163264,42.98367346938776,47.502040816326534,0.0,0.09795918367346938,0.032653061224489785,0.032653061224489785,0.032653061224489785
2021-10-17,44.028571428571425,69.36326530612244,17.555102040816326,39.759183673469394,40.844897959183676,0.0,0.09795918367346938,0.032653061224489785,0.032653061224489785,0.032653061224489785
2021-10-24,47.35918367346939,68.64489795918368,21.37142857142857,35.99183673469388,34.78775510204081,0.0,0.09795918367346938,0.032653061224489785,0.032653061224489785,0.032653061224489785
2021-10-31,49.971428571428575,72.88571428571429,15.616326530612245,35.587755102040816,41.946938775510205,0.0,0.09795918367346938,0.032653061224489785,0.032653061224489785,0.032653061224489785
2021-11-07,50.118367346938776,64.46530612244898,22.914285714285715,33.91836734693878,44.138775510204084,0.0,0.09795918367346938,0.032653061224489785,0.032653061224489785,0.032653061224489785
2021-11-14,50.563265306122446,66.59591836734694,19.25714285714286,36.29795918367347,38.75918367346939,0.0,0.09795918367346938,0.032653061224489785,0.032653061224489785,0.032653061224489785
2021-11-21,41.70204081632653,60.416326530612245,21.224489795918366,26.20408163265306,30.857142857142858,0.0,0.09795918367346938,0.032653061224489785,0.032653061224489785,0.032653061224489785
2021-11-28,47.86530612244898,67.02448979591837,25.824489795918367,34.885714285714286,40.4204081632653,0.0,0.09795918367346938,0.032653061224489785,0.032653061224489785,0.032653061224489785
2021-12-05,48.98367346938776,66.26122448979592,23.053061224489795,31.910204081632653,42.02448979591837,0.0,0.09795918367346938,0.032653061224489785,0.032653061224489785,0.032653061224489785
2021-12-12,42.89387755102041,64.00816326530612,19.624489795918368,29.942857142857143,36.2,0.0,0.09795918367346938,0.032653061224489785,0.032653061224489785,0.032653061224489785
2021-12-19,33.33061224489796,55.824489795918375,21.428571428571427,21.514285714285712,25.236734693877548,0.0,0.09795918367346938,0.032653061224489785,0.032653061224489785,0.032653061224489785
2021-12-26,33.351020408163265,57.37959183673469,18.910204081632653,24.457142857142856,27.51020408163265,0.0,0.09795918367346938,0.032653061224489785,0.032653061224489785,0.032653061224489785
2022-01-02,43.624489795918365,63.65714285714286,21.09795918367347,31.73061224489796,37.330612244897964,0.0,0.09795918367346938,0.032653061224489785,0.032653061224489785,0.032653061224489785
2022-01-09,42.689795918367345,66.42040816326531,21.74285714285714,33.16326530612245,34.738775510204086,0.0,0.09795918367346938,0.032653061224489785,0.032653061224489785,0.032653061224489785
2022-01-16,47.79183673469388,67.07755102040817,23.093877551020405,29.60408163265306,31.71020408163265,0.0,0.09795918367346938,0.032653061224489785,0.032653061224489785,0.032653061224489785
2022-01-23,47.436734693877554,73.88163265306123,21.836734693877553,37.76326530612245,41.66122448979592,0.0,0.09795918367346938,0.032653061224489785,0.032653061224489785,0.032653061224489785
2022-01-30,56.857142857142854,65.26530612244899,23.706122448979592,39.142857142857146,41.1265306122449,0.0,0.09795918367346938,0.032653061224489785,0.032653061224489785,0.032653061224489785
2022-02-06,59.86530612244898,68.99591836734695,22.465306122448983,40.87755102040817,44.971428571428575,0.0,0.09795918367346938,0.032653061224489785,0.032653061224489785,0.032653061224489785
2022-02-13,55.559183673469384,69.80408163265307,22.40408163265306,34.73469387755102,42.771428571428565,0.0,0.09795918367346938,0.032653061224489785,0.032653061224489785,0.032653061224489785
2022-02-20,54.46938775510204,70.17551020408163,18.448979591836736,36.665306122448975,43.461224489795924,0.0,0.09795918367346938,0.032653061224489785,0.032653061224489785,0.032653061224489785
2022-02-27,52.46122448979592,79.76326530612245,22.79591836734694,45.326530612244895,51.16734693877551,0.0,0.09795918367346938,0.032653061224489785,0.032653061224489785,0.032653061224489785
2022-03-06,55.28163265306123,68.62857142857142,22.33061224489796,34.69795918367347,43.38367346938776,0.0,0.06530612244897958,0.0,0.0,0.032653061224489785
2022-03-13,50.53469387755102,66.02857142857142,21.60408163265306,32.86530612244898,38.61632653061224,0.0,0.06530612244897958,0.0,0.0,0.032653061224489785
2022-03-20,53.673469387755105,75.44081632653061,22.253061224489795,39.930612244897965,44.44897959183674,0.0,0.032653061224489785,0.0,0.0,0.032653061224489785
2022-03-27,61.53877551020408,74.19183673469388,19.526530612244898,36.61224489795918,48.563265306122446,0.0,0.0,0.0,0.0,0.0
2022-04-03,62.2530612244898,73.46530612244898,22.130612244897957,38.824489795918375,48.134693877551015,0.0,0.0,0.0,0.0,0.0
2022-04-10,58.91836734693878,67.65306122448979,17.09387755102041,33.63265306122449,41.95510204081633,0.0,0.0,0.0,0.0,0.0
2022-04-17,61.179591836734694,71.35102040816327,23.771428571428572,35.42448979591837,47.91836734693878,0.0,0.0,0.0,0.0,0.0
2022-04-24,61.57551020408163,69.04897959183674,21.567346938775508,38.269387755102045,56.118367346938776,0.0,0.0,0.0,0.0,0.0
2022-05-01,61.689795918367345,70.24081632653062,21.33469387755102,38.82857142857143,58.04081632653061,0.0,0.0,0.0,0.0,0.0
2022-05-08,56.220408163265304,69.31428571428572,20.240816326530613,37.269387755102045,52.179591836734694,0.0,0.0,0.0,0.0,0.0
2022-05-15,55.44897959183673,65.20816326530613,18.987755102040815,35.5265306122449,46.69795918367347,0.0,0.0,0.0,0.0,0.0
2022-05-22,41.012244897959185,62.79183673469388,19.179591836734694,34.10204081632653,46.844897959183676,0.0,0.0,0.0,0.0,0.0
2022-05-29,43.885714285714286,63.72244897959184,19.25714285714286,32.1265306122449,37.53877551020408,0.0,0.0,0.0,0.0,0.0
2022-06-05,42.89387755102041,63.91836734693878,19.722448979591835,31.522448979591836,42.069387755102035,0.0,0.0,0.0,0.0,0.0
2022-06-12,47.436734693877554,58.80408163265306,17.869387755102043,28.975510204081633,39.89387755102041,0.0,0.0,0.0,0.0,0.0
2022-06-19,43.926530612244896,64.06530612244897,21.236734693877548,32.96734693877551,38.40408163265306,0.0,0.0,0.0,0.0,0.0
2022-06-26,39.771428571428565,65.80816326530612,20.10612244897959,30.40408163265306,39.29387755102041,0.0,0.0,0.0,0.0,0.0
2022-07-03,42.771428571428565,66.21224489795918,21.718367346938777,26.726530612244897,36.906122448979595,0.0,0.0,0.0,0.0,0.0
2022-07-10,39.17551020408164,66.93061224489796,19.608163265306125,35.02040816326531,40.971428571428575,0.0,0.0,0.0,0.0,0.0
2022-07-17,39.91020408163265,66.2938775510204,18.024489795918367,32.35510204081633,40.351020408163265,0.0,0.0,0.0,0.0,0.0
2022-07-24,43.567346938775515,66.73469387755102,20.293877551020408,33.63265306122449,36.59591836734694,0.0,0.0,0.0,0.0,0.0
2022-07-31,40.63673469387755,68.26122448979592,17.865306122448978,34.91428571428572,38.35510204081633,0.0,0.0,0.0,0.0,0.0
2022-08-07,39.142857142857146,73.73061224489797,17.791836734693877,37.4,38.755102040816325,0.0,0.0,0.0,0.0,0.0
2022-08-14,39.17551020408164,65.60408163265306,18.428571428571427,34.673469387755105,43.179591836734694,0.0,0.0,0.0,0.0,0.0
2022-08-21,39.624489795918365,68.99183673469388,16.175510204081633,34.29387755102041,40.134693877551015,0.0,0.0,0.0,0.0,0.0
2022-08-28,40.61224489795918,66.95918367346938,19.387755102040817,34.78367346938776,39.587755102040816,0.0,0.0,0.0,0.0,0.0
2022-09-04,44.04897959183673,64.9469387755102,20.60408163265306,34.8530612244898,40.648979591836735,0.0,0.0,0.0,0.0,0.0
2022-09-11,46.79183673469388,66.74285714285715,20.06530612244898,34.42040816326531,42.220408163265304,0.0,0.0,0.0,0.0,0.0
2022-09-18,62.730612244897955,68.41632653061224,19.979591836734695,36.453061224489794,47.816326530612244,0.0,0.0,0.0,0.0,0.0
2022-09-25,50.18775510204081,64.5061224489796,20.46938775510204,32.31428571428571,47.97959183673469,0.0,0.0,0.0,0.0,0.0
2022-10-02,50.70612244897959,69.93469387755103,23.1265306122449,40.65714285714286,46.436734693877554,0.0,0.0,0.0,0.0,0.0
2022-10-09,47.820408163265306,74.09387755102041,21.50204081632653,38.91836734693878,53.55102040816326,0.0,0.0,0.0,0.0,0.0
2022-10-16,44.95510204081633,65.90612244897959,17.06938775510204,36.073469387755104,45.159183673469386,0.0,0.0,0.0,0.0,0.0
2022-10-23,48.46938775510204,69.73469387755101,21.493877551020407,36.546938775510206,48.74693877551021,0.0,0.0,0.0,0.0,0.0
2022-10-30,49.693877551020414,66.2734693877551,21.49795918367347,37.53469387755102,50.179591836734694,0.0,0.0,0.0,0.0,0.0
2022-11-06,49.53469387755102,66.56734693877551,20.865306122448978,35.76734693877551,41.53469387755102,0.0,0.0,0.0,0.0,0.0
2022-11-13,50.64081632653061,67.84489795918367,21.3265306122449,31.424489795918365,47.714285714285715,0.0,0.0,0.0,0.0,0.0
2022-11-20,41.36326530612245,54.53061224489796,20.848979591836734,23.66122448979592,30.314285714285713,0.0,0.0,0.0,0.0,0.0
2022-11-27,50.01632653061224,64.64489795918368,22.30612244897959,33.25714285714286,47.05714285714286,0.0,0.0,0.0,0.0,0.0
2022-12-04,54.27755102040816,66.82857142857144,21.130612244897957,30.897959183673468,49.375510204081635,0.0,0.0,0.0,0.0,0.0
2022-12-11,56.37959183673469,58.261224489795914,24.00816326530612,32.40408163265306,39.673469387755105,0.0,0.0,0.0,0.0,0.0
2022-12-18,40.093877551020405,58.526530612244905,20.40408163265306,25.318367346938775,31.804081632653062,0.0,0.0,0.0,0.0,0.0
2022-12-25,32.50204081632653,56.375510204081635,14.448979591836734,25.714285714285715,27.457142857142856,0.0,0.0,0.0,0.0,0.0
2023-01-01,40.63673469387755,67.39591836734694,20.37142857142857,33.00408163265306,35.31836734693878,0.0,0.0,0.0,0.0,0.0
